{"cameraMode":{"drawMode":0,"name":"Shaded","section":"Shading Mode"},"sceneLighting":true,"audioPlay":false,"sceneViewState":{"m_AlwaysRefresh":false,"showFog":true,"showSkybox":true,"showFlares":true,"showImageEffects":true,"showParticleSystems":true,"showVisualEffectGraphs":true,"m_FxEnabled":true},"in2DMode":false,"pivot":{"x":1250.5240478515625,"y":616.8289794921875,"z":-94.4273681640625},"rotation":{"x":-0.046056512743234637,"y":-0.004804922267794609,"z":0.0001544496917631477,"w":-0.9989577531814575},"size":586.9398803710938,"orthographic":true}