{"cameraMode":{"drawMode":0,"name":"Shaded","section":"Shading Mode"},"sceneLighting":true,"audioPlay":false,"sceneViewState":{"m_AlwaysRefresh":false,"showFog":true,"showSkybox":true,"showFlares":true,"showImageEffects":true,"showParticleSystems":true,"showVisualEffectGraphs":true,"m_FxEnabled":true},"in2DMode":false,"pivot":{"x":2.0579452514648439,"y":8.856765747070313,"z":-2.0171823501586916},"rotation":{"x":-0.009919035248458386,"y":0.31551945209503176,"z":0.003448867006227374,"w":0.948940098285675},"size":8.796659469604493,"orthographic":false}