{"cameraMode":{"drawMode":0,"name":"Shaded","section":"Shading Mode"},"sceneLighting":true,"audioPlay":false,"sceneViewState":{"m_AlwaysRefresh":false,"showFog":true,"showSkybox":true,"showFlares":true,"showImageEffects":true,"showParticleSystems":true,"showVisualEffectGraphs":true,"m_FxEnabled":true},"in2DMode":false,"pivot":{"x":2.4781410694122316,"y":1.8499526977539063,"z":-0.1625487506389618},"rotation":{"x":-0.050550464540719989,"y":-0.0033022481948137285,"z":0.0001688656338956207,"w":-0.9987369179725647},"size":3.533600091934204,"orthographic":true}