{"cameraMode":{"drawMode":0,"name":"Shaded","section":"Shading Mode"},"sceneLighting":true,"audioPlay":false,"sceneViewState":{"m_AlwaysRefresh":false,"showFog":true,"showSkybox":true,"showFlares":true,"showImageEffects":true,"showParticleSystems":true,"showVisualEffectGraphs":true,"m_FxEnabled":true},"in2DMode":false,"pivot":{"x":1224.9832763671875,"y":615.0191040039063,"z":64.54618835449219},"rotation":{"x":-0.017569439485669137,"y":0.014690820127725602,"z":-0.00029001757502555847,"w":-0.9997745156288147},"size":617.7965087890625,"orthographic":true}