{"cameraMode":{"drawMode":0,"name":"Shaded","section":"Shading Mode"},"sceneLighting":true,"audioPlay":false,"sceneViewState":{"m_AlwaysRefresh":false,"showFog":true,"showSkybox":true,"showFlares":true,"showImageEffects":true,"showParticleSystems":true,"showVisualEffectGraphs":true,"m_FxEnabled":true},"in2DMode":false,"pivot":{"x":1.5623067617416382,"y":2.406144618988037,"z":-1.768558144569397},"rotation":{"x":0.07492505013942719,"y":-0.011070465669035912,"z":0.0008317175088450313,"w":0.9971285462379456},"size":1.5616694688796998,"orthographic":false}