{"cameraMode":{"drawMode":0,"name":"Shaded","section":"Shading Mode"},"sceneLighting":true,"audioPlay":false,"sceneViewState":{"m_AlwaysRefresh":false,"showFog":true,"showSkybox":true,"showFlares":true,"showImageEffects":true,"showParticleSystems":true,"showVisualEffectGraphs":true,"m_FxEnabled":true},"in2DMode":false,"pivot":{"x":2.8772778511047365,"y":1.5840586423873902,"z":-0.17068979144096375},"rotation":{"x":-0.017569439485669137,"y":0.014690820127725602,"z":-0.00029001757502555847,"w":-0.9997745156288147},"size":1.9349840879440308,"orthographic":true}