{"cameraMode":{"drawMode":0,"name":"Shaded","section":"Shading Mode"},"sceneLighting":true,"audioPlay":false,"sceneViewState":{"m_AlwaysRefresh":false,"showFog":true,"showSkybox":true,"showFlares":true,"showImageEffects":true,"showParticleSystems":true,"showVisualEffectGraphs":true,"m_FxEnabled":true},"in2DMode":false,"pivot":{"x":1440.779052734375,"y":644.2991333007813,"z":-12.713348388671875},"rotation":{"x":0.004927461501210928,"y":0.02369220182299614,"z":0.00008552455255994573,"w":-0.9997435212135315},"size":786.7775268554688,"orthographic":true}