{"cameraMode":{"drawMode":0,"name":"Shaded","section":"Shading Mode"},"sceneLighting":true,"audioPlay":false,"sceneViewState":{"m_AlwaysRefresh":false,"showFog":true,"showSkybox":true,"showFlares":true,"showImageEffects":true,"showParticleSystems":true,"showVisualEffectGraphs":true,"m_FxEnabled":true},"in2DMode":false,"pivot":{"x":1460.58544921875,"y":550.78955078125,"z":50.611961364746097},"rotation":{"x":-0.017569439485669137,"y":0.014690820127725602,"z":-0.00029001757502555847,"w":-0.9997745156288147},"size":731.1089477539063,"orthographic":true}